{"cameraMode":{"drawMode":0,"name":"Shaded","section":"Shading Mode"},"sceneLighting":false,"audioPlay":false,"sceneViewState":{"showFog":true,"showMaterialUpdate":true,"showSkybox":false,"showFlares":true,"showImageEffects":true,"showParticleSystems":true},"in2DMode":false,"pivot":{"x":12.220000267028809,"y":15.940000534057618,"z":9.334019660949707},"rotation":{"x":0.0014994529774412513,"y":0.026996692642569543,"z":-0.000040495084249414504,"w":0.9996344447135925},"size":7.643611907958984,"orthographic":true}