{"cameraMode":{"drawMode":0,"name":"Shaded","section":"Shading Mode"},"sceneLighting":false,"audioPlay":false,"sceneViewState":{"showFog":true,"showMaterialUpdate":false,"showSkybox":false,"showFlares":true,"showImageEffects":true,"showParticleSystems":true},"in2DMode":false,"pivot":{"x":561.7080078125,"y":412.0000305175781,"z":4.8979387283325199},"rotation":{"x":0.02072742022573948,"y":-0.7225109934806824,"z":0.021681945770978929,"w":0.6907084584236145},"size":994.8422241210938,"orthographic":true}