{"cameraMode":{"drawMode":0,"name":"Shaded","section":"Shading Mode"},"sceneLighting":true,"audioPlay":false,"sceneViewState":{"showFog":true,"showMaterialUpdate":false,"showSkybox":true,"showFlares":true,"showImageEffects":true,"showParticleSystems":true},"in2DMode":false,"pivot":{"x":2.299999237060547,"y":-3.6704673767089845,"z":5.150003433227539},"rotation":{"x":0.08540759235620499,"y":-0.6956762075424194,"z":0.08388438075780869,"w":0.7083113789558411},"size":2.598076105117798,"orthographic":true}